,width,height,aspect_ratio,megapixels
count,5000.0,5000.0,5000.0,5000.0
mean,573.7548,483.543,1.24938866495178,0.2737306906
std,94.00370426873148,98.76531510856312,0.35280865720225063,0.053432476455962746
min,200.0,145.0,0.384375,0.029
25%,500.0,426.0,1.0,0.27136
50%,640.0,480.0,1.3333333333333333,0.27328
75%,640.0,517.75,1.4988290398126465,0.3072
max,640.0,640.0,4.0251572327044025,0.4096
